<?xml version="1.0"?>
<project name="AWSTokenVendingMachine-CommandLineTools" basedir="." default="help">
	

	<property name="AWS_ACCESS_KEY_ID"  value=""/>
	<property name="AWS_SECRET_KEY"     value=""/>
	<property name="AppName"            value="mymobileappname"/>


    <!-- =========================================================================================== -->
    <!-- Build Targets -->
    <!-- =========================================================================================== -->    
	<property name="src.dir"            value="${basedir}/src"/>
	<property name="classes.dir"        value="${basedir}/classes"/>
	<property name="third-party.dir"    value="${basedir}/third-party"/>
	<property name="lib.dir"            value="${basedir}/lib"/>
	<property name="web.dir"            value="${basedir}/web"/>
   
   
    <path id="classpath.refid">
        <pathelement path="${classes.dir}"/>
        <fileset dir="${third-party.dir}">
            <include name="**/*.jar"/>
        </fileset>    
        <fileset dir="${lib.dir}">
            <include name="**/*.jar"/>
        </fileset>    
    </path>
    
    
    <target name="help">
        <echo message="This ANT file provides  basic administration utilities for use with the token vending machine (TVM)."/>
        <echo message=""/>
        <echo message="To use this ANT file, edit the three property values at the top of the file. Enter your AWS_ACCESS_KEY_ID, "/>
        <echo message="AWS_SECRET_KEY and AppName. The AppName must match the Application Name used during the TVM install."/>
        <echo message=""/>
        <echo message=""/>
        <echo message="countDevices - Counts the registered devices in the Devices domain."/>
        <echo message="   ant -f clt.xml countDevices"/>
        <echo message=""/>
    </target>

	<target name="countDevices">            
		<java classname="com.amazonaws.admin.CountDevices" classpathref="classpath.refid" fork="true" maxmemory="256M">
            <sysproperty key="AWS_ACCESS_KEY_ID"    value="${AWS_ACCESS_KEY_ID}"/>
            <sysproperty key="AWS_SECRET_KEY"       value="${AWS_SECRET_KEY}"/>
            <sysproperty key="DeviceDomain"         value="TokenVendingMachine_${AppName}_DEVICES"/>
        </java>
	</target>
        
</project>
